{
  "id": "4327035",
  "name": "yituliu",
  "font_family": "iconfont",
  "css_prefix_text": "icon-",
  "description": "",
  "glyphs": [
    {
      "icon_id": "6415223",
      "name": "copyright",
      "font_class": "copyright",
      "unicode": "e66d",
      "unicode_decimal": 58989
    },
    {
      "icon_id": "11501361",
      "name": "legend",
      "font_class": "legend",
      "unicode": "e64a",
      "unicode_decimal": 58954
    },
    {
      "icon_id": "22422647",
      "name": "publicity",
      "font_class": "publicity",
      "unicode": "e67c",
      "unicode_decimal": 59004
    },
    {
      "icon_id": "1263374",
      "name": "survey2",
      "font_class": "survey2",
      "unicode": "e646",
      "unicode_decimal": 58950
    },
    {
      "icon_id": "7596896",
      "name": "encourage",
      "font_class": "encourage",
      "unicode": "eb33",
      "unicode_decimal": 60211
    },
    {
      "icon_id": "6061398",
      "name": "developer",
      "font_class": "developer",
      "unicode": "e636",
      "unicode_decimal": 58934
    },
    {
      "icon_id": "18166279",
      "name": "shop",
      "font_class": "shop",
      "unicode": "e8bb",
      "unicode_decimal": 59579
    },
    {
      "icon_id": "30525089",
      "name": "tool",
      "font_class": "tool",
      "unicode": "e601",
      "unicode_decimal": 58881
    },
    {
      "icon_id": "5270862",
      "name": "user",
      "font_class": "user",
      "unicode": "e616",
      "unicode_decimal": 58902
    },
    {
      "icon_id": "593342",
      "name": "item",
      "font_class": "item",
      "unicode": "e6ce",
      "unicode_decimal": 59086
    },
    {
      "icon_id": "1723005",
      "name": "develop",
      "font_class": "develop",
      "unicode": "e7c2",
      "unicode_decimal": 59330
    },
    {
      "icon_id": "1727411",
      "name": "calculator",
      "font_class": "calculator",
      "unicode": "e8b4",
      "unicode_decimal": 59572
    },
    {
      "icon_id": "2468467",
      "name": "materials",
      "font_class": "materials",
      "unicode": "e68a",
      "unicode_decimal": 59018
    },
    {
      "icon_id": "2546498",
      "name": "log",
      "font_class": "log",
      "unicode": "e69d",
      "unicode_decimal": 59037
    },
    {
      "icon_id": "12837792",
      "name": "schedule",
      "font_class": "schedule",
      "unicode": "e649",
      "unicode_decimal": 58953
    },
    {
      "icon_id": "13479193",
      "name": "pack",
      "font_class": "pack",
      "unicode": "e707",
      "unicode_decimal": 59143
    },
    {
      "icon_id": "21924074",
      "name": "rank",
      "font_class": "rank",
      "unicode": "e60a",
      "unicode_decimal": 58890
    },
    {
      "icon_id": "23838417",
      "name": "logistics",
      "font_class": "logistics",
      "unicode": "e913",
      "unicode_decimal": 59667
    },
    {
      "icon_id": "29322942",
      "name": "elite",
      "font_class": "elite",
      "unicode": "e600",
      "unicode_decimal": 58880
    },
    {
      "icon_id": "30045010",
      "name": "link",
      "font_class": "link",
      "unicode": "e60b",
      "unicode_decimal": 58891
    },
    {
      "icon_id": "1219788",
      "name": "feed-back",
      "font_class": "feed-back",
      "unicode": "e65d",
      "unicode_decimal": 58973
    },
    {
      "icon_id": "39363754",
      "name": "survey",
      "font_class": "survey",
      "unicode": "e792",
      "unicode_decimal": 59282
    },
    {
      "icon_id": "1053877",
      "name": "menu off",
      "font_class": "menuoff",
      "unicode": "e77c",
      "unicode_decimal": 59260
    },
    {
      "icon_id": "1053878",
      "name": "menu on",
      "font_class": "menuon",
      "unicode": "e77d",
      "unicode_decimal": 59261
    },
    {
      "icon_id": "36737795",
      "name": "language",
      "font_class": "language",
      "unicode": "e618",
      "unicode_decimal": 58904
    },
    {
      "icon_id": "5875526",
      "name": "delete",
      "font_class": "delete",
      "unicode": "e62a",
      "unicode_decimal": 58922
    },
    {
      "icon_id": "1725633",
      "name": "菜单",
      "font_class": "menu1",
      "unicode": "e61b",
      "unicode_decimal": 58907
    },
    {
      "icon_id": "12550617",
      "name": "菜单",
      "font_class": "menu2",
      "unicode": "e638",
      "unicode_decimal": 58936
    },
    {
      "icon_id": "13123939",
      "name": "icon-arrow-right",
      "font_class": "arrow-right",
      "unicode": "e609",
      "unicode_decimal": 58889
    },
    {
      "icon_id": "13123544",
      "name": "icon-arrow-left",
      "font_class": "arrow-left",
      "unicode": "e607",
      "unicode_decimal": 58887
    },
    {
      "icon_id": "1071104",
      "name": "常见问题／相关问题",
      "font_class": "question",
      "unicode": "e689",
      "unicode_decimal": 59017
    },
    {
      "icon_id": "31919321",
      "name": "时间",
      "font_class": "time",
      "unicode": "e658",
      "unicode_decimal": 58968
    },
    {
      "icon_id": "278220",
      "name": "right",
      "font_class": "right",
      "unicode": "e66c",
      "unicode_decimal": 58988
    },
    {
      "icon_id": "1058093",
      "name": "error",
      "font_class": "error",
      "unicode": "e65c",
      "unicode_decimal": 58972
    },
    {
      "icon_id": "837077",
      "name": "moon",
      "font_class": "moon",
      "unicode": "e791",
      "unicode_decimal": 59281
    },
    {
      "icon_id": "866531",
      "name": "sun",
      "font_class": "sun",
      "unicode": "e645",
      "unicode_decimal": 58949
    }
  ]
}
