{
  "id": "4327035",
  "name": "yituliu",
  "font_family": "iconfont",
  "css_prefix_text": "icon-",
  "description": "",
  "glyphs": [
    {
      "icon_id": "1053877",
      "name": "menu off",
      "font_class": "menuoff",
      "unicode": "e77c",
      "unicode_decimal": 59260
    },
    {
      "icon_id": "1053878",
      "name": "menu on",
      "font_class": "menuon",
      "unicode": "e77d",
      "unicode_decimal": 59261
    },
    {
      "icon_id": "36737795",
      "name": "language",
      "font_class": "language",
      "unicode": "e618",
      "unicode_decimal": 58904
    },
    {
      "icon_id": "5875526",
      "name": "delete",
      "font_class": "delete",
      "unicode": "e62a",
      "unicode_decimal": 58922
    },
    {
      "icon_id": "1725633",
      "name": "菜单",
      "font_class": "menu1",
      "unicode": "e61b",
      "unicode_decimal": 58907
    },
    {
      "icon_id": "12550617",
      "name": "菜单",
      "font_class": "menu2",
      "unicode": "e638",
      "unicode_decimal": 58936
    },
    {
      "icon_id": "13123939",
      "name": "icon-arrow-right",
      "font_class": "arrow-right",
      "unicode": "e609",
      "unicode_decimal": 58889
    },
    {
      "icon_id": "13123544",
      "name": "icon-arrow-left",
      "font_class": "arrow-left",
      "unicode": "e607",
      "unicode_decimal": 58887
    },
    {
      "icon_id": "1071104",
      "name": "常见问题／相关问题",
      "font_class": "question",
      "unicode": "e689",
      "unicode_decimal": 59017
    },
    {
      "icon_id": "31919321",
      "name": "时间",
      "font_class": "time",
      "unicode": "e658",
      "unicode_decimal": 58968
    },
    {
      "icon_id": "278220",
      "name": "right",
      "font_class": "right",
      "unicode": "e66c",
      "unicode_decimal": 58988
    },
    {
      "icon_id": "1058093",
      "name": "error",
      "font_class": "error",
      "unicode": "e65c",
      "unicode_decimal": 58972
    },
    {
      "icon_id": "837077",
      "name": "moon",
      "font_class": "moon",
      "unicode": "e791",
      "unicode_decimal": 59281
    },
    {
      "icon_id": "866531",
      "name": "sun",
      "font_class": "sun",
      "unicode": "e645",
      "unicode_decimal": 58949
    }
  ]
}
