{
  "id": "4327035",
  "name": "yituliu",
  "font_family": "iconfont",
  "css_prefix_text": "icon-",
  "description": "",
  "glyphs": [
    {
      "icon_id": "13123939",
      "name": "icon-arrow-right",
      "font_class": "arrow-right",
      "unicode": "e609",
      "unicode_decimal": 58889
    },
    {
      "icon_id": "13123544",
      "name": "icon-arrow-left",
      "font_class": "arrow-left",
      "unicode": "e607",
      "unicode_decimal": 58887
    },
    {
      "icon_id": "1071104",
      "name": "常见问题／相关问题",
      "font_class": "question",
      "unicode": "e689",
      "unicode_decimal": 59017
    },
    {
      "icon_id": "31919321",
      "name": "时间",
      "font_class": "time",
      "unicode": "e658",
      "unicode_decimal": 58968
    },
    {
      "icon_id": "278220",
      "name": "right",
      "font_class": "right",
      "unicode": "e66c",
      "unicode_decimal": 58988
    },
    {
      "icon_id": "1058093",
      "name": "error",
      "font_class": "error",
      "unicode": "e65c",
      "unicode_decimal": 58972
    },
    {
      "icon_id": "6605987",
      "name": "问号",
      "font_class": "wenhao_huabanfuben",
      "unicode": "e631",
      "unicode_decimal": 58929
    },
    {
      "icon_id": "11266195",
      "name": "menu",
      "font_class": "menu",
      "unicode": "e620",
      "unicode_decimal": 58912
    },
    {
      "icon_id": "837077",
      "name": "moon",
      "font_class": "moon",
      "unicode": "e791",
      "unicode_decimal": 59281
    },
    {
      "icon_id": "866531",
      "name": "sun",
      "font_class": "sun",
      "unicode": "e645",
      "unicode_decimal": 58949
    }
  ]
}
